book_id,image_name,kingdom,rank
186600401,186600401_100_1_left,ir,earl
186600401,186600401_100_1_right,ir,earl
186600401,186600401_100_2_left,ir,earl
186600401,186600401_100_2_right,ir,earl
186600401,186600401_100_3_left,ir,earl
186600401,186600401_100_3_right,ir,earl
186600401,186600401_100_4_left,ir,earl
186600401,186600401_100_4_right,ir,earl
186600401,186600401_100_5_left,ir,earl
186600401,186600401_100_5_right,ir,earl
186600401,186600401_100_6_left,ir,earl
186600401,186600401_100_6_right,ir,earl
186600401,186600401_100_7_left,ir,earl
186600401,186600401_100_7_right,ir,earl
186600401,186600401_100_8_left,ir,earl
186600401,186600401_100_8_right,ir,earl
186600401,186600401_101_1_left,ir,earl
186600401,186600401_101_1_right,ir,earl
186600401,186600401_101_2_left,ir,earl
186600401,186600401_101_2_right,ir,earl
186600401,186600401_101_3_left,ir,earl
186600401,186600401_101_3_right,ir,earl
186600401,186600401_101_4_left,ir,earl
186600401,186600401_101_4_right,ir,earl
186600401,186600401_101_5_left,ir,earl
186600401,186600401_101_5_right,ir,earl
186600401,186600401_101_6_left,ir,earl
186600401,186600401_101_6_right,ir,earl
186600401,186600401_101_7_left,ir,earl
186600401,186600401_101_7_right,ir,earl
186600401,186600401_101_8_left,ir,earl
186600401,186600401_101_8_right,ir,earl
186600401,186600401_102_1_left,ir,earl
186600401,186600401_102_1_right,ir,earl
186600401,186600401_102_2_left,ir,earl
186600401,186600401_102_2_right,ir,earl
186600401,186600401_102_3_left,ir,earl
186600401,186600401_102_3_right,ir,earl
186600401,186600401_102_4_left,ir,earl
186600401,186600401_102_4_right,ir,earl
186600401,186600401_102_5_left,ir,earl
186600401,186600401_102_5_right,ir,earl
186600401,186600401_102_6_left,ir,earl
186600401,186600401_102_6_right,ir,earl
186600401,186600401_102_7_left,ir,earl
186600401,186600401_102_7_right,ir,earl
186600401,186600401_102_8_left,ir,earl
186600401,186600401_102_8_right,ir,earl
186600401,186600401_103_1_left,ir,earl
186600401,186600401_103_1_right,ir,earl
186600401,186600401_103_2_left,ir,earl
186600401,186600401_103_2_right,ir,earl
186600401,186600401_103_3_left,ir,earl
186600401,186600401_103_3_right,ir,earl
186600401,186600401_103_4_left,ir,earl
186600401,186600401_103_4_right,ir,earl
186600401,186600401_104_1_left,ir,viscount
186600401,186600401_104_1_right,ir,viscount
186600401,186600401_104_2_left,ir,viscount
186600401,186600401_104_2_right,ir,viscount
186600401,186600401_104_3_left,ir,viscount
186600401,186600401_104_3_right,ir,viscount
186600401,186600401_104_4_left,ir,viscount
186600401,186600401_104_4_right,ir,viscount
186600401,186600401_104_5_left,ir,viscount
186600401,186600401_104_5_right,ir,viscount
186600401,186600401_104_6_left,ir,viscount
186600401,186600401_104_6_right,ir,viscount
186600401,186600401_104_7_left,ir,viscount
186600401,186600401_104_7_right,ir,viscount
186600401,186600401_104_8_left,ir,viscount
186600401,186600401_104_8_right,ir,viscount
186600401,186600401_105_1_left,ir,viscount
186600401,186600401_105_1_right,ir,viscount
186600401,186600401_105_2_left,ir,viscount
186600401,186600401_105_2_right,ir,viscount
186600401,186600401_105_3_left,ir,viscount
186600401,186600401_105_3_right,ir,viscount
186600401,186600401_105_4_left,ir,viscount
186600401,186600401_105_4_right,ir,viscount
186600401,186600401_105_5_left,ir,viscount
186600401,186600401_105_5_right,ir,viscount
186600401,186600401_105_6_left,ir,viscount
186600401,186600401_105_6_right,ir,viscount
186600401,186600401_105_7_left,ir,viscount
186600401,186600401_105_7_right,ir,viscount
186600401,186600401_105_8_left,ir,viscount
186600401,186600401_105_8_right,ir,viscount
186600401,186600401_106_1_left,ir,viscount
186600401,186600401_106_1_right,ir,viscount
186600401,186600401_106_2_left,ir,viscount
186600401,186600401_106_2_right,ir,viscount
186600401,186600401_106_3_left,ir,viscount
186600401,186600401_106_3_right,ir,viscount
186600401,186600401_106_4_left,ir,viscount
186600401,186600401_106_4_right,ir,viscount
186600401,186600401_106_5_left,ir,viscount
186600401,186600401_106_5_right,ir,viscount
186600401,186600401_106_6_left,ir,viscount
186600401,186600401_106_6_right,ir,viscount
186600401,186600401_106_7_left,ir,viscount
186600401,186600401_106_7_right,ir,viscount
186600401,186600401_106_8_left,ir,viscount
186600401,186600401_106_8_right,ir,viscount
186600401,186600401_107_1_left,ir,viscount
186600401,186600401_107_1_right,ir,viscount
186600401,186600401_107_2_left,ir,viscount
186600401,186600401_107_2_right,ir,viscount
186600401,186600401_107_3_left,ir,viscount
186600401,186600401_107_3_right,ir,viscount
186600401,186600401_107_4_left,ir,viscount
186600401,186600401_107_4_right,ir,viscount
186600401,186600401_107_5_left,ir,viscount
186600401,186600401_107_5_right,ir,viscount
186600401,186600401_107_6_left,ir,viscount
186600401,186600401_107_6_right,ir,viscount
186600401,186600401_107_7_left,ir,viscount
186600401,186600401_107_7_right,ir,viscount
186600401,186600401_107_8_left,ir,viscount
186600401,186600401_107_8_right,ir,viscount
186600401,186600401_108_1_left,ir,viscount
186600401,186600401_108_1_right,ir,viscount
186600401,186600401_108_2_left,ir,viscount
186600401,186600401_108_2_right,ir,viscount
186600401,186600401_108_3_left,ir,viscount
186600401,186600401_108_3_right,ir,viscount
186600401,186600401_108_4_left,ir,viscount
186600401,186600401_108_4_right,ir,viscount
186600401,186600401_108_5_left,ir,viscount
186600401,186600401_108_5_right,ir,viscount
186600401,186600401_108_6_left,ir,viscount
186600401,186600401_108_6_right,ir,viscount
186600401,186600401_108_7_left,ir,viscount
186600401,186600401_108_7_right,ir,viscount
186600401,186600401_108_8_left,ir,viscount
186600401,186600401_108_8_right,ir,viscount
186600401,186600401_109_1_left,ir,viscount
186600401,186600401_109_1_right,ir,viscount
186600401,186600401_109_2_left,ir,viscount
186600401,186600401_109_2_right,ir,viscount
186600401,186600401_109_3_left,ir,viscount
186600401,186600401_109_3_right,ir,viscount
186600401,186600401_109_4_left,ir,viscount
186600401,186600401_109_4_right,ir,viscount
186600401,186600401_109_5_left,ir,viscount
186600401,186600401_109_5_right,ir,viscount
186600401,186600401_109_6_left,ir,viscount
186600401,186600401_109_6_right,ir,viscount
186600401,186600401_109_7_left,ir,viscount
186600401,186600401_109_7_right,ir,viscount
186600401,186600401_110_1_left,ir,baron
186600401,186600401_110_1_right,ir,baron
186600401,186600401_110_2_left,ir,baron
186600401,186600401_110_2_right,ir,baron
186600401,186600401_110_3_left,ir,baron
186600401,186600401_110_3_right,ir,baron
186600401,186600401_110_4_left,ir,baron
186600401,186600401_110_4_right,ir,baron
186600401,186600401_110_5_left,ir,baron
186600401,186600401_110_5_right,ir,baron
186600401,186600401_110_6_left,ir,baron
186600401,186600401_110_6_right,ir,baron
186600401,186600401_110_7_left,ir,baron
186600401,186600401_110_7_right,ir,baron
186600401,186600401_110_8_left,ir,baron
186600401,186600401_110_8_right,ir,baron
186600401,186600401_111_1_left,ir,baron
186600401,186600401_111_1_right,ir,baron
186600401,186600401_111_2_left,ir,baron
186600401,186600401_111_2_right,ir,baron
186600401,186600401_111_3_left,ir,baron
186600401,186600401_111_3_right,ir,baron
186600401,186600401_111_4_left,ir,baron
186600401,186600401_111_4_right,ir,baron
186600401,186600401_111_5_left,ir,baron
186600401,186600401_111_5_right,ir,baron
186600401,186600401_111_6_left,ir,baron
186600401,186600401_111_6_right,ir,baron
186600401,186600401_111_7_left,ir,baron
186600401,186600401_111_7_right,ir,baron
186600401,186600401_111_8_left,ir,baron
186600401,186600401_111_8_right,ir,baron
186600401,186600401_112_1_left,ir,baron
186600401,186600401_112_1_right,ir,baron
186600401,186600401_112_2_left,ir,baron
186600401,186600401_112_2_right,ir,baron
186600401,186600401_112_3_left,ir,baron
186600401,186600401_112_3_right,ir,baron
186600401,186600401_112_4_left,ir,baron
186600401,186600401_112_4_right,ir,baron
186600401,186600401_112_5_left,ir,baron
186600401,186600401_112_5_right,ir,baron
186600401,186600401_112_6_left,ir,baron
186600401,186600401_112_6_right,ir,baron
186600401,186600401_112_7_left,ir,baron
186600401,186600401_112_7_right,ir,baron
186600401,186600401_112_8_left,ir,baron
186600401,186600401_112_8_right,ir,baron
186600401,186600401_113_1_left,ir,baron
186600401,186600401_113_1_right,ir,baron
186600401,186600401_113_2_left,ir,baron
186600401,186600401_113_2_right,ir,baron
186600401,186600401_113_3_left,ir,baron
186600401,186600401_113_3_right,ir,baron
186600401,186600401_113_4_left,ir,baron
186600401,186600401_113_4_right,ir,baron
186600401,186600401_113_5_left,ir,baron
186600401,186600401_113_5_right,ir,baron
186600401,186600401_113_6_left,ir,baron
186600401,186600401_113_6_right,ir,baron
186600401,186600401_113_7_left,ir,baron
186600401,186600401_113_7_right,ir,baron
186600401,186600401_113_8_left,ir,baron
186600401,186600401_113_8_right,ir,baron
186600401,186600401_114_1_left,ir,baron
186600401,186600401_114_1_right,ir,baron
186600401,186600401_114_2_left,ir,baron
186600401,186600401_114_2_right,ir,baron
186600401,186600401_114_3_left,ir,baron
186600401,186600401_114_3_right,ir,baron
186600401,186600401_114_4_left,ir,baron
186600401,186600401_114_4_right,ir,baron
186600401,186600401_114_5_left,ir,baron
186600401,186600401_114_5_right,ir,baron
186600401,186600401_114_6_left,ir,baron
186600401,186600401_114_6_right,ir,baron
186600401,186600401_114_7_left,ir,baron
186600401,186600401_114_7_right,ir,baron
186600401,186600401_114_8_left,ir,baron
186600401,186600401_114_8_right,ir,baron
186600401,186600401_115_1_left,ir,baron
186600401,186600401_115_1_right,ir,baron
186600401,186600401_115_2_left,ir,baron
186600401,186600401_115_2_right,ir,baron
186600401,186600401_115_3_left,ir,baron
186600401,186600401_115_3_right,ir,baron
186600401,186600401_115_4_left,ir,baron
186600401,186600401_115_4_right,ir,baron
186600401,186600401_115_5_left,ir,baron
186600401,186600401_115_5_right,ir,baron
186600401,186600401_115_6_left,ir,baron
186600401,186600401_115_6_right,ir,baron
186600401,186600401_115_7_left,ir,baron
186600401,186600401_115_7_right,ir,baron
186600401,186600401_115_8_left,ir,baron
186600401,186600401_115_8_right,ir,baron
186600401,186600401_116_1_left,ir,baron
186600401,186600401_116_1_right,ir,baron
186600401,186600401_116_2_left,ir,baron
186600401,186600401_116_2_right,ir,baron
186600401,186600401_116_3_left,ir,baron
186600401,186600401_116_3_right,ir,baron
186600401,186600401_116_4_left,ir,baron
186600401,186600401_116_4_right,ir,baron
186600401,186600401_117_1_left,ir,peeress
186600401,186600401_117_1_right,ir,peeress
186600401,186600401_117_2_left,ir,peeress
186600401,186600401_117_2_right,ir,peeress
186600401,186600401_117_3_left,ir,peeress
186600401,186600401_117_3_right,ir,peeress
186600401,186600401_117_4_left,ir,peeress
186600401,186600401_117_4_right,ir,peeress
186600401,186600401_117_5_left,ir,peeress
186600401,186600401_117_5_right,ir,peeress
186600401,186600401_117_6_left,ir,peeress
186600401,186600401_117_6_right,ir,peeress
186600401,186600401_117_7_left,ir,peeress
186600401,186600401_117_7_right,ir,peeress
186600401,186600401_117_8_left,ir,peeress
186600401,186600401_117_8_right,ir,peeress
186600401,186600401_44_1_left,en,king
186600401,186600401_44_1_right,en,king
186600401,186600401_44_2_left,en,king
186600401,186600401_44_2_right,en,king
186600401,186600401_44_3_left,en,king
186600401,186600401_44_3_right,en,king
186600401,186600401_45_1_left,en,blood royal
186600401,186600401_45_1_right,en,blood royal
186600401,186600401_45_2_left,en,blood royal
186600401,186600401_45_2_right,en,blood royal
186600401,186600401_45_3_left,en,blood royal
186600401,186600401_45_3_right,en,blood royal
186600401,186600401_46_1_left,en,duke
186600401,186600401_46_1_right,en,duke
186600401,186600401_46_2_left,en,duke
186600401,186600401_46_2_right,en,duke
186600401,186600401_46_3_left,en,duke
186600401,186600401_46_3_right,en,duke
186600401,186600401_46_4_left,en,duke
186600401,186600401_46_4_right,en,duke
186600401,186600401_46_5_left,en,duke
186600401,186600401_46_5_right,en,duke
186600401,186600401_46_6_left,en,duke
186600401,186600401_46_6_right,en,duke
186600401,186600401_46_7_left,en,duke
186600401,186600401_46_7_right,en,duke
186600401,186600401_46_8_left,en,duke
186600401,186600401_46_8_right,en,duke
186600401,186600401_47_1_left,en,duke
186600401,186600401_47_1_right,en,duke
186600401,186600401_47_2_left,en,duke
186600401,186600401_47_2_right,en,duke
186600401,186600401_47_3_left,en,duke
186600401,186600401_47_3_right,en,duke
186600401,186600401_47_4_left,en,duke
186600401,186600401_47_4_right,en,duke
186600401,186600401_47_5_left,en,duke
186600401,186600401_47_5_right,en,duke
186600401,186600401_47_6_left,en,duke
186600401,186600401_47_6_right,en,duke
186600401,186600401_47_7_left,en,duke
186600401,186600401_47_7_right,en,duke
186600401,186600401_47_8_left,en,duke
186600401,186600401_47_8_right,en,duke
186600401,186600401_48_1_left,en,duke
186600401,186600401_48_1_right,en,duke
186600401,186600401_48_2_left,en,duke
186600401,186600401_48_2_right,en,duke
186600401,186600401_48_3_left,en,duke
186600401,186600401_48_3_right,en,duke
186600401,186600401_48_4_left,en,duke
186600401,186600401_48_4_right,en,duke
186600401,186600401_48_5_left,en,duke
186600401,186600401_48_5_right,en,duke
186600401,186600401_48_6_left,en,duke
186600401,186600401_48_6_right,en,duke
186600401,186600401_48_7_left,en,duke
186600401,186600401_48_7_right,en,duke
186600401,186600401_49_1_left,en,marquisse
186600401,186600401_49_1_right,en,marquisse
186600401,186600401_49_2_left,en,marquisse
186600401,186600401_49_2_right,en,marquisse
186600401,186600401_49_3_left,en,marquisse
186600401,186600401_49_3_right,en,marquisse
186600401,186600401_49_4_left,en,marquisse
186600401,186600401_49_4_right,en,marquisse
186600401,186600401_49_5_left,en,marquisse
186600401,186600401_49_5_right,en,marquisse
186600401,186600401_49_6_left,en,marquisse
186600401,186600401_49_6_right,en,marquisse
186600401,186600401_49_7_left,en,marquisse
186600401,186600401_49_7_right,en,marquisse
186600401,186600401_50_1_left,en,earl
186600401,186600401_50_1_right,en,earl
186600401,186600401_50_2_left,en,earl
186600401,186600401_50_2_right,en,earl
186600401,186600401_50_3_left,en,earl
186600401,186600401_50_3_right,en,earl
186600401,186600401_50_4_left,en,earl
186600401,186600401_50_4_right,en,earl
186600401,186600401_50_5_left,en,earl
186600401,186600401_50_5_right,en,earl
186600401,186600401_50_6_left,en,earl
186600401,186600401_50_6_right,en,earl
186600401,186600401_50_7_left,en,earl
186600401,186600401_50_7_right,en,earl
186600401,186600401_50_8_left,en,earl
186600401,186600401_50_8_right,en,earl
186600401,186600401_51_1_left,en,earl
186600401,186600401_51_1_right,en,earl
186600401,186600401_51_2_left,en,earl
186600401,186600401_51_2_right,en,earl
186600401,186600401_51_3_left,en,earl
186600401,186600401_51_3_right,en,earl
186600401,186600401_51_4_left,en,earl
186600401,186600401_51_4_right,en,earl
186600401,186600401_51_5_left,en,earl
186600401,186600401_51_5_right,en,earl
186600401,186600401_51_6_left,en,earl
186600401,186600401_51_6_right,en,earl
186600401,186600401_51_7_left,en,earl
186600401,186600401_51_7_right,en,earl
186600401,186600401_51_8_left,en,earl
186600401,186600401_51_8_right,en,earl
186600401,186600401_52_1_left,en,earl
186600401,186600401_52_1_right,en,earl
186600401,186600401_52_2_left,en,earl
186600401,186600401_52_2_right,en,earl
186600401,186600401_52_3_left,en,earl
186600401,186600401_52_3_right,en,earl
186600401,186600401_52_4_left,en,earl
186600401,186600401_52_4_right,en,earl
186600401,186600401_52_5_left,en,earl
186600401,186600401_52_5_right,en,earl
186600401,186600401_52_6_left,en,earl
186600401,186600401_52_6_right,en,earl
186600401,186600401_52_7_left,en,earl
186600401,186600401_52_7_right,en,earl
186600401,186600401_52_8_left,en,earl
186600401,186600401_52_8_right,en,earl
186600401,186600401_53_1_left,en,earl
186600401,186600401_53_1_right,en,earl
186600401,186600401_53_2_left,en,earl
186600401,186600401_53_2_right,en,earl
186600401,186600401_53_3_left,en,earl
186600401,186600401_53_3_right,en,earl
186600401,186600401_53_4_left,en,earl
186600401,186600401_53_4_right,en,earl
186600401,186600401_53_5_left,en,earl
186600401,186600401_53_5_right,en,earl
186600401,186600401_53_6_left,en,earl
186600401,186600401_53_6_right,en,earl
186600401,186600401_53_7_left,en,earl
186600401,186600401_53_7_right,en,earl
186600401,186600401_53_8_left,en,earl
186600401,186600401_53_8_right,en,earl
186600401,186600401_54_1_left,en,earl
186600401,186600401_54_1_right,en,earl
186600401,186600401_54_2_left,en,earl
186600401,186600401_54_2_right,en,earl
186600401,186600401_54_3_left,en,earl
186600401,186600401_54_3_right,en,earl
186600401,186600401_54_4_left,en,earl
186600401,186600401_54_4_right,en,earl
186600401,186600401_54_5_left,en,earl
186600401,186600401_54_5_right,en,earl
186600401,186600401_54_6_left,en,earl
186600401,186600401_54_6_right,en,earl
186600401,186600401_54_7_left,en,earl
186600401,186600401_54_7_right,en,earl
186600401,186600401_54_8_left,en,earl
186600401,186600401_54_8_right,en,earl
186600401,186600401_55_1_left,en,earl
186600401,186600401_55_1_right,en,earl
186600401,186600401_55_2_left,en,earl
186600401,186600401_55_2_right,en,earl
186600401,186600401_55_3_left,en,earl
186600401,186600401_55_3_right,en,earl
186600401,186600401_55_4_left,en,earl
186600401,186600401_55_4_right,en,earl
186600401,186600401_55_5_left,en,earl
186600401,186600401_55_5_right,en,earl
186600401,186600401_55_6_left,en,earl
186600401,186600401_55_6_right,en,earl
186600401,186600401_55_7_left,en,earl
186600401,186600401_55_7_right,en,earl
186600401,186600401_55_8_left,en,earl
186600401,186600401_55_8_right,en,earl
186600401,186600401_56_1_left,en,earl
186600401,186600401_56_1_right,en,earl
186600401,186600401_56_2_left,en,earl
186600401,186600401_56_2_right,en,earl
186600401,186600401_56_3_left,en,earl
186600401,186600401_56_3_right,en,earl
186600401,186600401_56_4_left,en,earl
186600401,186600401_56_4_right,en,earl
186600401,186600401_56_5_left,en,earl
186600401,186600401_56_5_right,en,earl
186600401,186600401_56_6_left,en,earl
186600401,186600401_56_6_right,en,earl
186600401,186600401_56_7_left,en,earl
186600401,186600401_56_7_right,en,earl
186600401,186600401_56_8_left,en,earl
186600401,186600401_56_8_right,en,earl
186600401,186600401_57_1_left,en,earl
186600401,186600401_57_1_right,en,earl
186600401,186600401_57_2_left,en,earl
186600401,186600401_57_2_right,en,earl
186600401,186600401_57_3_left,en,earl
186600401,186600401_57_3_right,en,earl
186600401,186600401_57_4_left,en,earl
186600401,186600401_57_4_right,en,earl
186600401,186600401_57_5_left,en,earl
186600401,186600401_57_5_right,en,earl
186600401,186600401_57_6_left,en,earl
186600401,186600401_57_6_right,en,earl
186600401,186600401_57_7_left,en,earl
186600401,186600401_57_7_right,en,earl
186600401,186600401_57_8_left,en,earl
186600401,186600401_57_8_right,en,earl
186600401,186600401_58_1_left,en,earl
186600401,186600401_58_1_right,en,earl
186600401,186600401_58_2_left,en,earl
186600401,186600401_58_2_right,en,earl
186600401,186600401_58_3_left,en,earl
186600401,186600401_58_3_right,en,earl
186600401,186600401_58_4_left,en,earl
186600401,186600401_58_4_right,en,earl
186600401,186600401_58_5_left,en,earl
186600401,186600401_58_5_right,en,earl
186600401,186600401_58_6_left,en,earl
186600401,186600401_58_6_right,en,earl
186600401,186600401_58_7_left,en,earl
186600401,186600401_58_7_right,en,earl
186600401,186600401_58_8_left,en,earl
186600401,186600401_58_8_right,en,earl
186600401,186600401_59_1_left,en,earl
186600401,186600401_59_1_right,en,earl
186600401,186600401_59_2_left,en,earl
186600401,186600401_59_2_right,en,earl
186600401,186600401_59_3_left,en,earl
186600401,186600401_59_3_right,en,earl
186600401,186600401_59_4_left,en,earl
186600401,186600401_59_4_right,en,earl
186600401,186600401_59_5_left,en,earl
186600401,186600401_59_5_right,en,earl
186600401,186600401_59_6_left,en,earl
186600401,186600401_59_6_right,en,earl
186600401,186600401_59_7_left,en,earl
186600401,186600401_59_7_right,en,earl
186600401,186600401_59_8_left,en,earl
186600401,186600401_59_8_right,en,earl
186600401,186600401_60_1_left,en,earl
186600401,186600401_60_1_right,en,earl
186600401,186600401_60_2_left,en,earl
186600401,186600401_60_2_right,en,earl
186600401,186600401_60_3_left,en,earl
186600401,186600401_60_3_right,en,earl
186600401,186600401_60_4_left,en,earl
186600401,186600401_60_4_right,en,earl
186600401,186600401_60_5_left,en,earl
186600401,186600401_60_5_right,en,earl
186600401,186600401_60_6_left,en,earl
186600401,186600401_60_6_right,en,earl
186600401,186600401_60_7_left,en,earl
186600401,186600401_60_7_right,en,earl
186600401,186600401_60_8_left,en,earl
186600401,186600401_60_8_right,en,earl
186600401,186600401_61_1_left,en,viscount
186600401,186600401_61_1_right,en,viscount
186600401,186600401_61_2_left,en,viscount
186600401,186600401_61_2_right,en,viscount
186600401,186600401_61_3_left,en,viscount
186600401,186600401_61_3_right,en,viscount
186600401,186600401_61_4_left,en,viscount
186600401,186600401_61_4_right,en,viscount
186600401,186600401_61_5_left,en,viscount
186600401,186600401_61_5_right,en,viscount
186600401,186600401_61_6_left,en,viscount
186600401,186600401_61_6_right,en,viscount
186600401,186600401_61_7_left,en,viscount
186600401,186600401_61_7_right,en,viscount
186600401,186600401_61_8_left,en,viscount
186600401,186600401_61_8_right,en,viscount
186600401,186600401_62_1_left,en,viscount
186600401,186600401_62_1_right,en,viscount
186600401,186600401_62_2_left,en,viscount
186600401,186600401_62_2_right,en,viscount
186600401,186600401_62_3_left,en,viscount
186600401,186600401_62_3_right,en,viscount
186600401,186600401_62_4_left,en,viscount
186600401,186600401_62_4_right,en,viscount
186600401,186600401_62_5_left,en,viscount
186600401,186600401_62_5_right,en,viscount
186600401,186600401_62_6_left,en,viscount
186600401,186600401_62_6_right,en,viscount
186600401,186600401_62_7_left,en,viscount
186600401,186600401_62_7_right,en,viscount
186600401,186600401_62_8_left,en,viscount
186600401,186600401_62_8_right,en,viscount
186600401,186600401_63_1_left,en,baron
186600401,186600401_63_1_right,en,baron
186600401,186600401_63_2_left,en,baron
186600401,186600401_63_2_right,en,baron
186600401,186600401_63_3_left,en,baron
186600401,186600401_63_3_right,en,baron
186600401,186600401_63_4_left,en,baron
186600401,186600401_63_4_right,en,baron
186600401,186600401_63_5_left,en,baron
186600401,186600401_63_5_right,en,baron
186600401,186600401_63_6_left,en,baron
186600401,186600401_63_6_right,en,baron
186600401,186600401_63_7_left,en,baron
186600401,186600401_63_7_right,en,baron
186600401,186600401_63_8_left,en,baron
186600401,186600401_63_8_right,en,baron
186600401,186600401_64_1_left,en,baron
186600401,186600401_64_1_right,en,baron
186600401,186600401_64_2_left,en,baron
186600401,186600401_64_2_right,en,baron
186600401,186600401_64_3_left,en,baron
186600401,186600401_64_3_right,en,baron
186600401,186600401_64_4_left,en,baron
186600401,186600401_64_4_right,en,baron
186600401,186600401_64_5_left,en,baron
186600401,186600401_64_5_right,en,baron
186600401,186600401_64_6_left,en,baron
186600401,186600401_64_6_right,en,baron
186600401,186600401_64_7_left,en,baron
186600401,186600401_64_7_right,en,baron
186600401,186600401_64_8_left,en,baron
186600401,186600401_64_8_right,en,baron
186600401,186600401_65_1_left,en,baron
186600401,186600401_65_1_right,en,baron
186600401,186600401_65_2_left,en,baron
186600401,186600401_65_2_right,en,baron
186600401,186600401_65_3_left,en,baron
186600401,186600401_65_3_right,en,baron
186600401,186600401_65_4_left,en,baron
186600401,186600401_65_4_right,en,baron
186600401,186600401_65_5_left,en,baron
186600401,186600401_65_5_right,en,baron
186600401,186600401_65_6_left,en,baron
186600401,186600401_65_6_right,en,baron
186600401,186600401_65_7_left,en,baron
186600401,186600401_65_7_right,en,baron
186600401,186600401_65_8_left,en,baron
186600401,186600401_65_8_right,en,baron
186600401,186600401_66_1_left,en,baron
186600401,186600401_66_1_right,en,baron
186600401,186600401_66_2_left,en,baron
186600401,186600401_66_2_right,en,baron
186600401,186600401_66_3_left,en,baron
186600401,186600401_66_3_right,en,baron
186600401,186600401_66_4_left,en,baron
186600401,186600401_66_4_right,en,baron
186600401,186600401_66_5_left,en,baron
186600401,186600401_66_5_right,en,baron
186600401,186600401_66_6_left,en,baron
186600401,186600401_66_6_right,en,baron
186600401,186600401_66_7_left,en,baron
186600401,186600401_66_7_right,en,baron
186600401,186600401_66_8_left,en,baron
186600401,186600401_66_8_right,en,baron
186600401,186600401_67_1_left,en,baron
186600401,186600401_67_1_right,en,baron
186600401,186600401_67_2_left,en,baron
186600401,186600401_67_2_right,en,baron
186600401,186600401_67_3_left,en,baron
186600401,186600401_67_3_right,en,baron
186600401,186600401_67_4_left,en,baron
186600401,186600401_67_4_right,en,baron
186600401,186600401_67_5_left,en,baron
186600401,186600401_67_5_right,en,baron
186600401,186600401_67_6_left,en,baron
186600401,186600401_67_6_right,en,baron
186600401,186600401_67_7_left,en,baron
186600401,186600401_67_7_right,en,baron
186600401,186600401_67_8_left,en,baron
186600401,186600401_67_8_right,en,baron
186600401,186600401_68_1_left,en,baron
186600401,186600401_68_1_right,en,baron
186600401,186600401_68_2_left,en,baron
186600401,186600401_68_2_right,en,baron
186600401,186600401_68_3_left,en,baron
186600401,186600401_68_3_right,en,baron
186600401,186600401_68_4_left,en,baron
186600401,186600401_68_4_right,en,baron
186600401,186600401_68_5_left,en,baron
186600401,186600401_68_5_right,en,baron
186600401,186600401_68_6_left,en,baron
186600401,186600401_68_6_right,en,baron
186600401,186600401_68_7_left,en,baron
186600401,186600401_68_7_right,en,baron
186600401,186600401_68_8_left,en,baron
186600401,186600401_68_8_right,en,baron
186600401,186600401_69_1_left,en,baron
186600401,186600401_69_1_right,en,baron
186600401,186600401_69_2_left,en,baron
186600401,186600401_69_2_right,en,baron
186600401,186600401_69_3_left,en,baron
186600401,186600401_69_3_right,en,baron
186600401,186600401_69_4_left,en,baron
186600401,186600401_69_4_right,en,baron
186600401,186600401_69_5_left,en,baron
186600401,186600401_69_5_right,en,baron
186600401,186600401_69_6_left,en,baron
186600401,186600401_69_6_right,en,baron
186600401,186600401_69_7_left,en,baron
186600401,186600401_69_7_right,en,baron
186600401,186600401_69_8_left,en,baron
186600401,186600401_69_8_right,en,baron
186600401,186600401_70_1_left,en,baron
186600401,186600401_70_1_right,en,baron
186600401,186600401_70_2_left,en,baron
186600401,186600401_70_2_right,en,baron
186600401,186600401_70_3_left,en,baron
186600401,186600401_70_3_right,en,baron
186600401,186600401_70_4_left,en,baron
186600401,186600401_70_4_right,en,baron
186600401,186600401_70_5_left,en,baron
186600401,186600401_70_5_right,en,baron
186600401,186600401_70_6_left,en,baron
186600401,186600401_70_6_right,en,baron
186600401,186600401_70_7_left,en,baron
186600401,186600401_70_7_right,en,baron
186600401,186600401_70_8_left,en,baron
186600401,186600401_70_8_right,en,baron
186600401,186600401_71_1_left,en,baron
186600401,186600401_71_1_right,en,baron
186600401,186600401_71_2_left,en,baron
186600401,186600401_71_2_right,en,baron
186600401,186600401_71_3_left,en,baron
186600401,186600401_71_3_right,en,baron
186600401,186600401_71_4_left,en,baron
186600401,186600401_71_4_right,en,baron
186600401,186600401_71_5_left,en,baron
186600401,186600401_71_5_right,en,baron
186600401,186600401_71_6_left,en,baron
186600401,186600401_71_6_right,en,baron
186600401,186600401_71_7_left,en,baron
186600401,186600401_71_7_right,en,baron
186600401,186600401_71_8_left,en,baron
186600401,186600401_71_8_right,en,baron
186600401,186600401_72_1_left,en,baron
186600401,186600401_72_1_right,en,baron
186600401,186600401_72_2_left,en,baron
186600401,186600401_72_2_right,en,baron
186600401,186600401_72_3_left,en,baron
186600401,186600401_72_3_right,en,baron
186600401,186600401_72_4_left,en,baron
186600401,186600401_72_4_right,en,baron
186600401,186600401_72_5_left,en,baron
186600401,186600401_72_5_right,en,baron
186600401,186600401_72_6_left,en,baron
186600401,186600401_72_6_right,en,baron
186600401,186600401_72_7_left,en,baron
186600401,186600401_72_7_right,en,baron
186600401,186600401_72_8_left,en,baron
186600401,186600401_72_8_right,en,baron
186600401,186600401_73_1_left,en,baron
186600401,186600401_73_1_right,en,baron
186600401,186600401_73_2_left,en,baron
186600401,186600401_73_2_right,en,baron
186600401,186600401_73_3_left,en,baron
186600401,186600401_73_3_right,en,baron
186600401,186600401_73_4_left,en,baron
186600401,186600401_73_4_right,en,baron
186600401,186600401_73_5_left,en,baron
186600401,186600401_73_5_right,en,baron
186600401,186600401_73_6_left,en,baron
186600401,186600401_73_6_right,en,baron
186600401,186600401_73_7_left,en,baron
186600401,186600401_73_7_right,en,baron
186600401,186600401_73_8_left,en,baron
186600401,186600401_73_8_right,en,baron
186600401,186600401_74_1_left,en,baron
186600401,186600401_74_1_right,en,baron
186600401,186600401_74_2_left,en,baron
186600401,186600401_74_2_right,en,baron
186600401,186600401_74_3_left,en,baron
186600401,186600401_74_3_right,en,baron
186600401,186600401_74_4_left,en,baron
186600401,186600401_74_4_right,en,baron
186600401,186600401_74_5_left,en,baron
186600401,186600401_74_5_right,en,baron
186600401,186600401_74_6_left,en,baron
186600401,186600401_74_6_right,en,baron
186600401,186600401_74_7_left,en,baron
186600401,186600401_74_7_right,en,baron
186600401,186600401_74_8_left,en,baron
186600401,186600401_74_8_right,en,baron
186600401,186600401_75_1_left,en,baron
186600401,186600401_75_1_right,en,baron
186600401,186600401_75_2_left,en,baron
186600401,186600401_75_2_right,en,baron
186600401,186600401_75_3_left,en,baron
186600401,186600401_75_3_right,en,baron
186600401,186600401_75_4_left,en,baron
186600401,186600401_75_4_right,en,baron
186600401,186600401_75_5_left,en,baron
186600401,186600401_75_5_right,en,baron
186600401,186600401_75_6_left,en,baron
186600401,186600401_75_6_right,en,baron
186600401,186600401_75_7_left,en,baron
186600401,186600401_75_7_right,en,baron
186600401,186600401_75_8_left,en,baron
186600401,186600401_75_8_right,en,baron
186600401,186600401_76_1_left,en,baron
186600401,186600401_76_1_right,en,baron
186600401,186600401_76_2_left,en,baron
186600401,186600401_76_2_right,en,baron
186600401,186600401_76_3_left,en,baron
186600401,186600401_76_3_right,en,baron
186600401,186600401_76_4_left,en,baron
186600401,186600401_76_4_right,en,baron
186600401,186600401_76_5_left,en,baron
186600401,186600401_76_5_right,en,baron
186600401,186600401_76_6_left,en,baron
186600401,186600401_76_6_right,en,baron
186600401,186600401_76_7_left,en,baron
186600401,186600401_76_7_right,en,baron
186600401,186600401_76_8_left,en,baron
186600401,186600401_76_8_right,en,baron
186600401,186600401_77_1_left,en,baron
186600401,186600401_77_1_right,en,baron
186600401,186600401_77_2_left,en,baron
186600401,186600401_77_2_right,en,baron
186600401,186600401_77_3_left,en,baron
186600401,186600401_77_3_right,en,baron
186600401,186600401_77_4_left,en,baron
186600401,186600401_77_4_right,en,baron
186600401,186600401_77_5_left,en,baron
186600401,186600401_77_5_right,en,baron
186600401,186600401_77_6_left,en,baron
186600401,186600401_77_6_right,en,baron
186600401,186600401_77_7_left,en,baron
186600401,186600401_77_7_right,en,baron
186600401,186600401_77_8_left,en,baron
186600401,186600401_77_8_right,en,baron
186600401,186600401_78_1_left,en,peeress
186600401,186600401_78_1_right,en,peeress
186600401,186600401_78_2_left,en,peeress
186600401,186600401_78_2_right,en,peeress
186600401,186600401_78_3_left,en,peeress
186600401,186600401_78_3_right,en,peeress
186600401,186600401_78_4_left,en,peeress
186600401,186600401_78_4_right,en,peeress
186600401,186600401_78_5_left,en,peeress
186600401,186600401_78_5_right,en,peeress
186600401,186600401_78_6_left,en,peeress
186600401,186600401_78_6_right,en,peeress
186600401,186600401_78_7_left,en,peeress
186600401,186600401_78_7_right,en,peeress
186600401,186600401_78_8_left,en,peeress
186600401,186600401_78_8_right,en,peeress
186600401,186600401_79_1_left,en,peeress
186600401,186600401_79_1_right,en,peeress
186600401,186600401_79_2_left,en,peeress
186600401,186600401_79_2_right,en,peeress
186600401,186600401_79_3_left,en,peeress
186600401,186600401_79_3_right,en,peeress
186600401,186600401_80_1_left,en,peeress
186600401,186600401_80_1_right,en,peeress
186600401,186600401_80_2_left,en,peeress
186600401,186600401_80_2_right,en,peeress
186600401,186600401_80_3_left,en,peeress
186600401,186600401_80_3_right,en,peeress
186600401,186600401_80_4_left,en,peeress
186600401,186600401_80_4_right,en,peeress
186600401,186600401_80_5_left,en,peeress
186600401,186600401_80_5_right,en,peeress
186600401,186600401_81_1_left,en,peeress
186600401,186600401_81_1_right,en,peeress
186600401,186600401_84_1_left,sc,marquisse
186600401,186600401_84_1_right,sc,marquisse
186600401,186600401_84_2_left,sc,marquisse
186600401,186600401_84_2_right,sc,marquisse
186600401,186600401_84_3_left,sc,marquisse
186600401,186600401_84_3_right,sc,marquisse
186600401,186600401_85_1_left,sc,earl
186600401,186600401_85_1_right,sc,earl
186600401,186600401_85_2_left,sc,earl
186600401,186600401_85_2_right,sc,earl
186600401,186600401_85_3_left,sc,earl
186600401,186600401_85_3_right,sc,earl
186600401,186600401_85_4_left,sc,earl
186600401,186600401_85_4_right,sc,earl
186600401,186600401_85_5_left,sc,earl
186600401,186600401_85_5_right,sc,earl
186600401,186600401_85_6_left,sc,earl
186600401,186600401_85_6_right,sc,earl
186600401,186600401_85_7_left,sc,earl
186600401,186600401_85_7_right,sc,earl
186600401,186600401_85_8_left,sc,earl
186600401,186600401_85_8_right,sc,earl
186600401,186600401_86_1_left,sc,earl
186600401,186600401_86_1_right,sc,earl
186600401,186600401_86_2_left,sc,earl
186600401,186600401_86_2_right,sc,earl
186600401,186600401_86_3_left,sc,earl
186600401,186600401_86_3_right,sc,earl
186600401,186600401_86_4_left,sc,earl
186600401,186600401_86_4_right,sc,earl
186600401,186600401_86_5_left,sc,earl
186600401,186600401_86_5_right,sc,earl
186600401,186600401_86_6_left,sc,earl
186600401,186600401_86_6_right,sc,earl
186600401,186600401_86_7_left,sc,earl
186600401,186600401_86_7_right,sc,earl
186600401,186600401_86_8_left,sc,earl
186600401,186600401_86_8_right,sc,earl
186600401,186600401_87_1_left,sc,earl
186600401,186600401_87_1_right,sc,earl
186600401,186600401_87_2_left,sc,earl
186600401,186600401_87_2_right,sc,earl
186600401,186600401_87_3_left,sc,earl
186600401,186600401_87_3_right,sc,earl
186600401,186600401_87_4_left,sc,earl
186600401,186600401_87_4_right,sc,earl
186600401,186600401_87_5_left,sc,earl
186600401,186600401_87_5_right,sc,earl
186600401,186600401_87_6_left,sc,earl
186600401,186600401_87_6_right,sc,earl
186600401,186600401_87_7_left,sc,earl
186600401,186600401_87_7_right,sc,earl
186600401,186600401_87_8_left,sc,earl
186600401,186600401_87_8_right,sc,earl
186600401,186600401_88_1_left,sc,earl
186600401,186600401_88_1_right,sc,earl
186600401,186600401_88_2_left,sc,earl
186600401,186600401_88_2_right,sc,earl
186600401,186600401_88_3_left,sc,earl
186600401,186600401_88_3_right,sc,earl
186600401,186600401_88_4_left,sc,earl
186600401,186600401_88_4_right,sc,earl
186600401,186600401_88_5_left,sc,earl
186600401,186600401_88_5_right,sc,earl
186600401,186600401_88_6_left,sc,earl
186600401,186600401_88_6_right,sc,earl
186600401,186600401_88_7_left,sc,earl
186600401,186600401_88_7_right,sc,earl
186600401,186600401_88_8_left,sc,earl
186600401,186600401_88_8_right,sc,earl
186600401,186600401_89_1_left,sc,earl
186600401,186600401_89_1_right,sc,earl
186600401,186600401_89_2_left,sc,earl
186600401,186600401_89_2_right,sc,earl
186600401,186600401_89_3_left,sc,earl
186600401,186600401_89_3_right,sc,earl
186600401,186600401_89_4_left,sc,earl
186600401,186600401_89_4_right,sc,earl
186600401,186600401_89_5_left,sc,earl
186600401,186600401_89_5_right,sc,earl
186600401,186600401_89_6_left,sc,earl
186600401,186600401_89_6_right,sc,earl
186600401,186600401_89_7_left,sc,earl
186600401,186600401_89_7_right,sc,earl
186600401,186600401_89_8_left,sc,earl
186600401,186600401_89_8_right,sc,earl
186600401,186600401_90_1_left,sc,viscount
186600401,186600401_90_1_right,sc,viscount
186600401,186600401_90_2_left,sc,viscount
186600401,186600401_90_2_right,sc,viscount
186600401,186600401_90_3_left,sc,viscount
186600401,186600401_90_3_right,sc,viscount
186600401,186600401_90_4_left,sc,viscount
186600401,186600401_90_4_right,sc,viscount
186600401,186600401_90_5_left,sc,viscount
186600401,186600401_90_5_right,sc,viscount
186600401,186600401_90_6_left,sc,viscount
186600401,186600401_90_6_right,sc,viscount
186600401,186600401_90_7_left,sc,viscount
186600401,186600401_90_7_right,sc,viscount
186600401,186600401_90_8_left,sc,viscount
186600401,186600401_90_8_right,sc,viscount
186600401,186600401_91_1_left,sc,baron
186600401,186600401_91_1_right,sc,baron
186600401,186600401_91_2_left,sc,baron
186600401,186600401_91_2_right,sc,baron
186600401,186600401_91_3_left,sc,baron
186600401,186600401_91_3_right,sc,baron
186600401,186600401_91_4_left,sc,baron
186600401,186600401_91_4_right,sc,baron
186600401,186600401_91_5_left,sc,baron
186600401,186600401_91_5_right,sc,baron
186600401,186600401_91_6_left,sc,baron
186600401,186600401_91_6_right,sc,baron
186600401,186600401_91_7_left,sc,baron
186600401,186600401_91_7_right,sc,baron
186600401,186600401_91_8_left,sc,baron
186600401,186600401_91_8_right,sc,baron
186600401,186600401_92_1_left,sc,baron
186600401,186600401_92_1_right,sc,baron
186600401,186600401_92_2_left,sc,baron
186600401,186600401_92_2_right,sc,baron
186600401,186600401_92_3_left,sc,baron
186600401,186600401_92_3_right,sc,baron
186600401,186600401_92_4_left,sc,baron
186600401,186600401_92_4_right,sc,baron
186600401,186600401_92_5_left,sc,baron
186600401,186600401_92_5_right,sc,baron
186600401,186600401_92_6_left,sc,baron
186600401,186600401_92_6_right,sc,baron
186600401,186600401_92_7_left,sc,baron
186600401,186600401_92_7_right,sc,baron
186600401,186600401_92_8_left,sc,baron
186600401,186600401_92_8_right,sc,baron
186600401,186600401_93_1_left,sc,baron
186600401,186600401_93_1_right,sc,baron
186600401,186600401_93_2_left,sc,baron
186600401,186600401_93_2_right,sc,baron
186600401,186600401_93_3_left,sc,baron
186600401,186600401_93_3_right,sc,baron
186600401,186600401_93_4_left,sc,baron
186600401,186600401_93_4_right,sc,baron
186600401,186600401_94_1_left,sc,peeress
186600401,186600401_94_1_right,sc,peeress
186600401,186600401_94_2_left,sc,peeress
186600401,186600401_94_2_right,sc,peeress
186600401,186600401_94_3_left,sc,peeress
186600401,186600401_94_3_right,sc,peeress
186600401,186600401_94_4_left,sc,peeress
186600401,186600401_94_4_right,sc,peeress
186600401,186600401_94_5_left,sc,peeress
186600401,186600401_94_5_right,sc,peeress
186600401,186600401_95_1_left,ir,earl
186600401,186600401_95_1_right,ir,earl
186600401,186600401_95_2_left,ir,earl
186600401,186600401_95_2_right,ir,earl
186600401,186600401_95_3_left,ir,earl
186600401,186600401_95_3_right,ir,earl
186600401,186600401_95_4_left,ir,earl
186600401,186600401_95_4_right,ir,earl
186600401,186600401_96_1_left,ir,earl
186600401,186600401_96_1_right,ir,earl
186600401,186600401_96_2_left,ir,earl
186600401,186600401_96_2_right,ir,earl
186600401,186600401_96_3_left,ir,earl
186600401,186600401_96_3_right,ir,earl
186600401,186600401_96_4_left,ir,earl
186600401,186600401_96_4_right,ir,earl
186600401,186600401_96_5_left,ir,earl
186600401,186600401_96_5_right,ir,earl
186600401,186600401_96_6_left,ir,earl
186600401,186600401_96_6_right,ir,earl
186600401,186600401_96_7_left,ir,earl
186600401,186600401_96_7_right,ir,earl
186600401,186600401_96_8_left,ir,earl
186600401,186600401_96_8_right,ir,earl
186600401,186600401_97_1_left,ir,earl
186600401,186600401_97_1_right,ir,earl
186600401,186600401_97_2_left,ir,earl
186600401,186600401_97_2_right,ir,earl
186600401,186600401_97_3_left,ir,earl
186600401,186600401_97_3_right,ir,earl
186600401,186600401_97_4_left,ir,earl
186600401,186600401_97_4_right,ir,earl
186600401,186600401_97_5_left,ir,earl
186600401,186600401_97_5_right,ir,earl
186600401,186600401_97_6_left,ir,earl
186600401,186600401_97_6_right,ir,earl
186600401,186600401_97_7_left,ir,earl
186600401,186600401_97_7_right,ir,earl
186600401,186600401_97_8_left,ir,earl
186600401,186600401_97_8_right,ir,earl
186600401,186600401_98_1_left,ir,earl
186600401,186600401_98_1_right,ir,earl
186600401,186600401_98_2_left,ir,earl
186600401,186600401_98_2_right,ir,earl
186600401,186600401_98_3_left,ir,earl
186600401,186600401_98_3_right,ir,earl
186600401,186600401_98_4_left,ir,earl
186600401,186600401_98_4_right,ir,earl
186600401,186600401_98_5_left,ir,earl
186600401,186600401_98_5_right,ir,earl
186600401,186600401_98_6_left,ir,earl
186600401,186600401_98_6_right,ir,earl
186600401,186600401_98_7_left,ir,earl
186600401,186600401_98_7_right,ir,earl
186600401,186600401_98_8_left,ir,earl
186600401,186600401_98_8_right,ir,earl
186600401,186600401_99_1_left,ir,earl
186600401,186600401_99_1_right,ir,earl
186600401,186600401_99_2_left,ir,earl
186600401,186600401_99_2_right,ir,earl
186600401,186600401_99_3_left,ir,earl
186600401,186600401_99_3_right,ir,earl
186600401,186600401_99_4_left,ir,earl
186600401,186600401_99_4_right,ir,earl
186600401,186600401_99_5_left,ir,earl
186600401,186600401_99_5_right,ir,earl
186600401,186600401_99_6_left,ir,earl
186600401,186600401_99_6_right,ir,earl
186600401,186600401_99_7_left,ir,earl
186600401,186600401_99_7_right,ir,earl
186600401,186600401_99_8_left,ir,earl
186600401,186600401_99_8_right,ir,earl
